SU000,WorldWide Laboratories Inc.,Ronald Burleson,junk817@biz.com,(646) 257-8821,374,3rd Ave,7th Floor,Kilgore,KY,68741
SU001,WorldWide N-Mobile Corp.,Eusebio Amaral,LeoniaMireles58@biz.com,(335) 474-9601,775,3rd Ln,4th FL,Germantown,RI,27856
SU002,Australian Entertainment Inc.,Delana Devito,votsfggj.zvmhx@biz.com,(247) 352-0836,638,Hidden Mount Dr,95th FL,Barnesville,DE,23381
SU003,Creative Broadcasting Co.,Margaret Lytle,Mariam.Bonner296@supplier.com,(847) 694-7194,2387,E Riverside Lane,9th Floor,Abbeville,AK,53873
SU004,Smart Natural Gas Energy Group,Luise Nugent,Abraham@biz.com,(357) 010-4623,2462,New Rockwood Ct,6th Floor,Brunswick,VT,54625
SU005,Creative High-Technologies Group,Ruthann Yanez,HerminaAndrews@biz.com,(388) 381-4102,1165,Rushwood Pkwy,8th FL,Lubbock,MN,91651
SU006,East High-Technologies Group,Lyle Kirchner,Mikel.Duke34@biz.com,(651) 312-4101,2076,SW Hunting Hill Way,65th Floor,Taunton,OK,30762
SU007,Canadian Computers Group,Alecia Card,JeniferDonald974@supplier.com,(575) 893-4786,634,SW Woodrow Dr,80th Floor,New London,PA,33445
SU008,Home Space Research Group,Ewa Gallegos,TylerAcevedo@supplier.com,(426) 209-8650,2668,Monument Parkway,9th FL,Lindenhurst,NH,96680
SU009,Union Semiconductor Group,Evan Strauss,Aleen_Gallant@supplier.com,(795) 832-5521,73,Sharp Hill Avenue,84th Floor,Bay Harbor Islands,MT,13830
SU010,Advanced C-Mobile Inc.,Hassan Nutt,Kruger319@supplier.com,(191) 674-3416,3577,Highland St,52th FL,Bristol,OR,57701
SU011,Domestic High-Technologies Group,Anibal Steward,Chang.Hatley@biz.com,(519) 619-7710,106,West Waterview Blvd,9th Floor,Texarkana,IL,01612
SU012,Flexible Entertainment Inc.,Grady Abreu,Rawls@biz.com,(212) 115-2585,848,Glenwood Blvd,STE 2917,Avon Lake,ND,32239
SU013,Global High-Technologies Inc.,Gwyneth Roper,Coleman@biz.com,(722) 778-3510,512,Highland Way,86th Floor,Centennial,ND,51924
SU014,Professional Management Inc.,Makeda Mccollum,NorrisJustus@biz.com,(287) 418-3832,70,New Glenwood St,5th FL,Burlington,WI,10258
SU015,Union High-Technologies Corp.,Alice Mckenzie,Treadwell@supplier.com,(391) 598-9644,2879,Parkwood Way,57th Floor,Crowley,TN,87953
SU016,American High-Technologies Inc.,Dexter Escobedo,AliceRenteria@biz.com,(510) 426-4571,2729,Hidden Mountain Ln,4th FL,Uhrichsville,MT,72947
SU017,International Research Group,Teodoro Smalls,johues3@biz.com,(802) 630-5696,880,Highland Blvd,9th Floor,North Miami,UT,81075
SU018,Canadian Partners Corporation,Sheryl Mccall,Doty@biz.com,(791) 253-0436,1081,Rushwood Ave,5th FL,Wauwatosa,RI,08138
SU019,Global Space Explore Corp.,Madlyn Crews,KareyAcker463@biz.com,(607) 181-6846,3409,Parkwood Drive,4th FL,Wharton,WV,40908
SU020,Smart Explore Inc.,Margarita Bergstrom,Sharika.Broadway284@supplier.com,(783) 205-5010,936,1st Way,60th Floor,Sulphur,UT,33689
SU021,East Mobile Group,Jerrold Callender,Omar_Albers263@biz.com,(245) 358-7845,308,N Prospect Hill Loop,77th FL,Ammon,KS,02822
SU022,West Coast Protection Inc.,Dusty Selby,Tubbs275@biz.com,(347) 273-6068,84,White Woodhurst Lane,7th FL,Rapid City,CA,46198
SU023,Future High-Technologies Corporation,Agustin Gandy,Abney@biz.com,(636) 315-1309,3842,Parkwood Pkwy,4th Floor,Ocala,OR,42979
SU024,International High-Technologies Group,Kindra Wingfield,Culp274@biz.com,(947) 277-4990,3944,White Deepwood Hwy,5th FL,Beaver,IL,44198
SU025,NULL,NULL,NULL,NULL,2809,East Ironwood Pkwy,7th Floor,Walterboro,KS,09685
SU026,First 4G Wireless Corp.,Adolfo Dupont,RubyY@biz.com,(196) 492-6374,758,Monument Dr,96th Floor,Jamestown,NJ,18070
SU027,Home Media Corp.,Avery Prather,MelodiDavid16@supplier.com,(728) 999-9208,208,North Ski Hill Drive,7th FL,Edgerton,TN,68497
SU028,NULL,NULL,NULL,NULL,57,East Ashwood Ave,5th FL,Hitchcock,OR,44968
SU029,Australian Industry Co.,Willis Elam,Freitas29@biz.com,(496) 346-1889,66,Front Ct,55th Floor,West Paterson,VA,55080
SU030,United Wave Power Co.,Alexander Acuna,shyvrfmq_ukukrvi@supplier.com,(112) 950-4263,3080,South Beachwood Hwy,7th FL,Berne,MI,09951
SU031,Canadian Foods Corporation,Raeann Bearden,AckerT@supplier.com,(147) 949-2265,991,NW Pine Tree Ct,84th Floor,Morrow,MS,98220
SU032,Pacific High-Technologies Co.,Kiara Renfro,Jestine.Greenberg@biz.com,(655) 178-2625,1220,1st Ln,99th FL,Pontotoc,NM,77884
SU033,Federal High-Technologies Corporation,Sherryl Finch,Damien_Witt@biz.com,(428) 081-2849,3884,Old Woodland Blvd,45th FL,Farmington Hills,PA,13038
SU034,First High-Technologies Corporation,Ambrose Burrow,Handy39@biz.com,(407) 702-8615,1038,East Farmview Dr,93th Floor,DeRidder,NE,79418
SU035,City Space Explore Inc.,Denny Blackwood,Abbott@biz.com,(582) 922-6408,2418,Beachwood Avenue,8th FL,Charles Town,AZ,76327
SU036,Union High-Technologies Corporation,Arnold Rawls,Mikel_Adcock@biz.com,(417) 195-6042,2327,Social Blvd,9th FL,Bridgewater,MS,03156
SU037,Professional Entertainment Corp.,Thurman Kirkwood,AbelClemmons434@biz.com,(414) 027-0641,716,N Cedar Tree Ln,5th FL,Newport,VA,18964
SU038,Pacific B-Mobile Corporation,Agripina Freeman,Pinckney731@supplier.com,(351) 000-9284,2964,New Burwood Blvd,48th FL,Airmont,MI,49610
SU039,Federal Media Inc.,Clemencia Abrams,BartWorley@biz.com,(861) 418-5177,56,Highland Loop,7th Floor,Shillington,NC,94267
SU040,Beyond W-Mobile Corporation,Amado Stinson,ydjiahvx.pdhjs@supplier.com,(738) 798-4478,446,Red Lake Hwy,43th Floor,Flowood,SD,75149
SU041,City Travel Corporation,Rochel Falcon,Salter@biz.com,(510) 963-1936,1514,70th Ln,66th Floor,Preston,AR,15857
SU042,Professional 4G Wireless Group,Maxine Conroy,usgr1@biz.com,(417) 814-0215,3585,Ironwood Cir,92th FL,Ambridge,NM,97103
SU043,International Computers Group,Mason Burton,Izetta_Emmons79@supplier.com,(520) 143-0449,1710,Old Church Blvd,40th Floor,Vicksburg,ID,18546
SU044,Advanced Space Research Corporation,Anderson Beers,Ainsworth7@biz.com,(747) 801-3556,1854,Town Parkway,8th Floor,Kenner,NY,87620
SU045,First Space Research Inc.,Tatyana Butcher,Pollock353@biz.com,(795) 160-8970,27,Town Way,81th Floor,Caribou,NH,38244
SU046,International Space Research Corporation,Eddy Dennison,KimberlieChin1@biz.com,(434) 115-2292,23,North Front St,75th FL,Paragould,AR,56560
SU047,South Health Care Corporation,Annetta Hyman,Rosie_Pena@supplier.com,(531) 496-3904,246,W Burwood Dr,8th FL,Suisun City,OK,84639
SU048,American High-Technologies Corporation,Margrett Wirth,Werner_GApplegate@supplier.com,(165) 470-9169,2084,Hidden Monument Parkway,Kearns Bui,Warrenton,AZ,25845
SU049,Home Space Explore Inc.,Alexander Abernathy,Florene_QWentworth67@biz.com,(263) 762-6310,595,Fox Hill Drive,83th Floor,Point Pleasant,AK,65010
