CU000,Letha,Wahl,(459) 613-9467,Bolt@aohEll.com,432
CU001,Kraig,Boucher,(730) 955-6764,DonnieSimms974@geemail.com,483
CU002,Harlan,Ludwig,(681) 747-0352,VangX11@aohEll.com,610
CU003,Brad,Craven,(513) 643-0254,Abel845@geemail.com,669
CU004,Enrique,Sizemore,(776) 960-1978,Kimber.Culpepper4@geemail.com,454
CU005,Bennie,Flowers,(943) 664-5705,mhzzqybc_wadjnmfau@aohEll.com,624
CU006,Francis,Conway,(282) 510-9326,Bronson898@geemail.com,185
CU007,Nickie,Waite,(350) 234-6559,lkkkqzuf.awwfq@geemail.com,469
CU008,NULL,NULL,NULL,NULL,NULL
CU009,Boyd,Skaggs,(157) 934-3116,LindsayHurst4@geemail.com,63
CU010,Alonzo,Peacock,(465) 454-8347,Avila@geemail.com,197
CU011,Reed,Hwang,(122) 838-0637,AdamCoward@geemail.com,1187
CU012,Cory,Boudreau,(529) 468-6964,Wooden@aohEll.com,4
CU013,Abbie,Crawford,(789) 568-6157,NickAdamson741@geemail.com,56
CU014,Lazaro,Wakefield,(507) 184-2162,SimonneSouth@geemail.com,0
CU015,Danielle,Mcgrath,(948) 826-7804,Espinal38@geemail.com,577
CU016,Gregorio,Conyers,(286) 001-2185,Marty_Muncy@aohEll.com,96
CU017,Monty,Floyd,(718) 229-1171,Esther_Dasilva4@geemail.com,342
CU018,Abby,Skelton,(659) 832-5274,StefanDixon687@aohEll.com,941
CU019,Evelin,Walden,(899) 567-0654,rpaavjb5@geemail.com,608
CU020,Earline,Boudreaux,(674) 683-5376,AlexisKraus888@geemail.com,82
CU021,Viviana,Lugo,(835) 754-7630,Laird22@geemail.com,1049
CU022,Chae,Hyatt,(397) 639-0832,Lyla_GHarrison@geemail.com,680
CU023,Delta,Skidmore,(878) 889-3248,Dede_Stuckey95@geemail.com,4
CU024,Toney,Lujan,(792) 850-9043,Mcginnis58@geemail.com,838
CU025,Wynell,Waldron,(898) 388-9426,MosheCurrier444@aohEll.com,312
CU026,NULL,NULL,NULL,NULL,NULL
CU027,Ashley,Cook,(365) 356-4078,Mason@geemail.com,1058
CU028,Ressie,Crawley,(861) 549-7247,gsjpyh1332@aohEll.com,279
CU029,Shane,Hyde,(296) 043-6622,AdalineChacon678@geemail.com,87
CU030,Raleigh,NULL,(461) 654-2968,ConradMcmurray@geemail.com,303
CU031,NULL,NULL,NULL,NULL,NULL
CU032,Jean,Lumpkin,(463) 980-1962,MylesAbreu39@geemail.com,97
CU033,Roosevelt,Skinner,(113) 450-2756,Haggerty@aohEll.com,1103
CU034,Alanna,Peak,(249) 938-5859,Ada.Padgett@geemail.com,824
CU035,Lilliana,Waldrop,(894) 989-7256,ArmandBlock@geemail.com,674
CU036,Amiee,Skipper,(134) 228-5449,RubenHowerton6@geemail.com,223
CU037,Rene,Walker,(896) 756-6541,LaveraLRoberge63@aohEll.com,378
CU038,Demarcus,Flynn,(948) 551-7855,VelvaAvila967@geemail.com,967
CU039,Ashley,Crayton,(250) 604-2488,Sturgill@geemail.com,6
CU040,Abel,Mcgraw,(720) 779-2685,pcvmbj959@aohEll.com,679
CU041,NULL,NULL,NULL,NULL,NULL
CU042,Ali,Fogle,(565) 967-6647,Acuna887@aohEll.com,0
CU043,Clark,Hyland,(748) 936-9702,Dannette.Lunsford7@aohEll.com,796
CU044,Adam,Luna,(346) 279-2551,ValentineR198@geemail.com,335
CU045,Gayle,Slack,(153) 446-2344,SharolynBeauregard@geemail.com,818
CU046,Kristy,Pearce,(871) 703-6933,MoshePonce@aohEll.com,1068
CU047,Ryan,Bounds,(130) 566-1060,Crutcher@geemail.com,905
CU048,Marjory,Wallace,(852) 645-5229,Abreu@geemail.com,597
CU049,Christopher,Slade,(303) 737-0588,Morrow@aohEll.com,1
